holo,https://www.youtube.com/playlist?list=UUMOJFZiqLMntJufDCHc6bQixg,
sora,https://www.youtube.com/playlist?list=UUMOp6993wxpyDPHUpavwDFqgg,
suisei,https://www.youtube.com/playlist?list=UUMO5CwaMl1eIgY8h02uZw7u8A,
miko,https://www.youtube.com/playlist?list=UUMO-hM6YJuNYVAmUWxeIr9FeA,
roboco,https://www.youtube.com/playlist?list=UUMODqI2jOz0weumE8s7paEk6g,
azki,https://www.youtube.com/playlist?list=UUMO0TXe_LYZ4scaW2XMyi5_kw,
fbk,https://www.youtube.com/playlist?list=UUMOdn5BQ06XqgXoAxIhbqw5Rg,
aki,https://www.youtube.com/playlist?list=UUMOFTLzh12_nrtzqBPsTCqenA,
matsuri,https://www.youtube.com/playlist?list=UUMOQ0UDLQCjY0rmuxCDE38FGg,
haato,https://www.youtube.com/playlist?list=UUMO1CfXB_kRs3C-zaeTG3oGyg,
mio,https://www.youtube.com/playlist?list=UUMOp-5t9SrOQwXMU7iIjQfARg,
okayu,https://www.youtube.com/playlist?list=UUMOvaTdHTWBGv3MKj3KVqJVCw,
korone,https://www.youtube.com/playlist?list=UUMOhAnqc_AY5_I3Px5dig3X1Q,
aqua,https://www.youtube.com/playlist?list=UUMO1opHUrw8rvnsadT-iGp7Cg,
shion,https://www.youtube.com/playlist?list=UUMOXTpFs_3PqI41qX2d9tL2Rw,
subaru,https://www.youtube.com/playlist?list=UUMOvzGlP9oQwU--Y0r9id_jnA,
ayame,https://www.youtube.com/playlist?list=UUMO7fk0CB07ly8oSl0aqKkqFg,
choco,https://www.youtube.com/playlist?list=UUMO1suqwovbL1kzsoaZgFZLKg,
peko,https://www.youtube.com/playlist?list=UUMO1DCedRgGHBdm81E1llLhOQ,
noel,https://www.youtube.com/playlist?list=UUMOdyqAaZDKHXg4Ahi7VENThQ,
flare,https://www.youtube.com/playlist?list=UUMOvInZx9h3jC2JzsIzoOebWg,
marin,https://www.youtube.com/playlist?list=UUMOCzUftO8KOVkV4wQG1vkUvg,
watame,https://www.youtube.com/playlist?list=UUMOqm3BQLlJfvkTsX_hvm0UmA,
luna,https://www.youtube.com/playlist?list=UUMOa9Y57gfeY0Zro_noHRVrnw,
towa,https://www.youtube.com/playlist?list=UUMO1uv2Oq6kNxgATlCiez59hw,
kanata,https://www.youtube.com/playlist?list=UUMOZlDXzGoo7d44bwdNObFacg,
nene,https://www.youtube.com/playlist?list=UUMOAWSyEs_Io8MtpY3m-zqILA,
polka,https://www.youtube.com/playlist?list=UUMOK9V2B22uJYu3N7eR_BT9QA,
botan,https://www.youtube.com/playlist?list=UUMOUKD-uaobj9jiqB-VXt71mA,
lamy,https://www.youtube.com/playlist?list=UUMOFKOVgVbGmX65RxO3EtH3iw,
lap,https://www.youtube.com/playlist?list=UUMOENwRMx5Yh42zWpzURebzTw,
lui,https://www.youtube.com/playlist?list=UUMOs9_O1tRPMQTHQ-N_L6FU2g,
koyo,https://www.youtube.com/playlist?list=UUMO6eWCld0KwmyHFbAqK3V-Rw,
iroha,https://www.youtube.com/playlist?list=UUMO_vMYWcDjmfdpH6r4TTn1MQ,
skmt,https://www.youtube.com/playlist?list=UUMOIBY1ollUsauvVi4hW4cumw,
ao,https://www.youtube.com/playlist?list=UUMOMGfV7TVTmHhEErVJg1oHBQ,
kanade,https://www.youtube.com/playlist?list=UUMOWQtYtq9EOB4-I5P-3fh8lA,
raden,https://www.youtube.com/playlist?list=UUMOdXAk5MpyLD8594lm_OvtGQ,
ririka,https://www.youtube.com/playlist?list=UUMOtyWhCj3AqKh2dXctLkDtng,
hajime,https://www.youtube.com/playlist?list=UUMO1iA6_NT4mtAcIII6ygrvCw,
gura,https://www.youtube.com/playlist?list=UUMOoSrY_IQQVpmIRZ9Xf-y93g,
ina,https://www.youtube.com/playlist?list=UUMOMwGHR0BTZuLsmjY_NT5Pwg,
ame,https://www.youtube.com/playlist?list=UUMOyl1z3jo3XHR1riLFKG5UAg,
calli,https://www.youtube.com/playlist?list=UUMOL_qhgtOy0dy1Agp8vkySQg,
kiara,https://www.youtube.com/playlist?list=UUMOHsx4Hqa-1ORjQTh9TYDhww,
bae,https://www.youtube.com/playlist?list=UUMOgmPnx-EEeOrZSg5Tiw7ZRQ,
irys,https://www.youtube.com/playlist?list=UUMO8rcEBzJSleTkf_-agPM20g,
fauna,https://www.youtube.com/playlist?list=UUMOO_aKKYxn4tvrqPjcTzZ6EQ,
kronii,https://www.youtube.com/playlist?list=UUMOmbs8T6MWqUHP1tIQvSgKrg,
mumei,https://www.youtube.com/playlist?list=UUMO3n5uGu18FoCy23ggWWp8tA,
shiori,https://www.youtube.com/playlist?list=UUMOgnfPPb9JI3e9A4cXHnWbyg,
fwmc,https://www.youtube.com/playlist?list=UUMOt9H_RpQzhxzlyBxFqrdHqA,
rissa,https://www.youtube.com/playlist?list=UUMO_sFNM0z0MWm9A6WlKPuMMg,
bijou,https://www.youtube.com/playlist?list=UUMO9p_lqQ0FEDz327Vgf5JwqA,
liz,https://www.youtube.com/playlist?list=UUMOW5uhrG1eCBYditmhL0Ykjw,
gigi,https://www.youtube.com/playlist?list=UUMODHABijvPBnJm7F-KlNME3w,
ci,https://www.youtube.com/playlist?list=UUMOvN5h1ShZtc7nly3pezRayg,
raora,https://www.youtube.com/playlist?list=UUMOl69AEx4MdqMZH7Jtsm7Tig,
risu,https://www.youtube.com/playlist?list=UUMOOyYb1c43VlX9rc_lT6NKQw,
moona,https://www.youtube.com/playlist?list=UUMOP0BspO_AMEe3aQqqpo89Dg,
iofi,https://www.youtube.com/playlist?list=UUMOAoy6rzhSf4ydcYjJw3WoVg,
ollie,https://www.youtube.com/playlist?list=UUMOYz_5n-uDuChHtLo7My1HnQ,Yz_5n-uDuChHtLo7My1HnQ
anya,https://www.youtube.com/playlist?list=UUMO727SQYUvx5pDDGQpTICNWg,
reine,https://www.youtube.com/playlist?list=UUMOhgTyjG-pdNvxxhdsXfHQ5Q,
zeta,https://www.youtube.com/playlist?list=UUMOTvHWSfBZgtxE4sILOaurIQ,
kobo,https://www.youtube.com/playlist?list=UUMOjLEmnpCNeisMxy134KPwWw,
kaela,https://www.youtube.com/playlist?list=UUMOZLZ8Jjx_RN2CXloOmgTHVg,
